Supplier_ID,Supplier_Name,Country,Category,Lead_Time_Days,On_Time_Delivery_Percent,Defect_Rate_Percent,Annual_Spend,PO_Count,PO_Spend,Observed_On_Time_Rate,Average_Delay_Days,Delivery_Component,Quality_Component,Lead_Time_Component,Delay_Component,Supplier_Score,Commercial_Risk
S002,Supplier 2,Germany,Chemicals,41,71.4,6.49,629769.94,92,715500.86,68.47826086956522,2.8043478260869565,20.922521095741267,0.0,34.61538461538461,13.193162678502773,17.3,High
S004,Supplier 4,India,Chemicals,39,71.1,5.57,157596.8,108,834805.73,70.37037037037037,2.25,25.83317523556567,14.767255216693428,38.46153846153846,31.09167007584101,26.4,High
S031,Supplier 31,Netherlands,Textiles,53,75.6,5.8,258026.61,103,715130.01,78.64077669902912,1.766990291262136,47.29763332246601,11.075441412520064,11.538461538461533,46.68684775671235,31.0,High
S001,Supplier 1,China,Raw Materials,54,70.2,3.96,473728.38,102,717586.73,76.47058823529412,1.6470588235294117,41.66527168636379,40.609951845906906,9.615384615384613,50.55913544572564,36.3,High
S023,Supplier 23,UAE,Electronics,54,75.8,3.74,103550.43,106,688364.86,68.86792452830188,2.7358490566037736,21.93382803019727,44.141252006420544,9.615384615384613,15.404816940696975,24.0,Monitor
S038,Supplier 38,China,Packaging,57,81.5,4.91,720441.43,92,618057.37,75.0,2.0543478260869565,37.84860557768925,25.36115569823434,3.8461538461538396,37.40879033372509,27.9,Monitor
S007,Supplier 7,Netherlands,Textiles,34,72.6,1.9,206035.7,96,671941.76,60.416666666666664,3.09375,0.0,73.67576243980739,48.07692307692308,3.849088963715886,28.6,Monitor
S044,Supplier 44,Turkey,Packaging,32,69.7,6.31,270812.15,95,668751.46,73.68421052631578,1.9789473684210526,34.433693796243574,2.8892455858748036,51.92307692307692,39.843282877552944,30.9,Monitor
S021,Supplier 21,China,Machinery,39,70.1,5.91,647754.84,91,678418.16,74.72527472527473,1.7802197802197801,37.13560201892588,9.309791332263245,38.46153846153846,46.259700585156104,31.8,Monitor
S043,Supplier 43,Netherlands,Textiles,41,77.1,1.64,745519.31,88,673324.14,68.18181818181817,2.647727272727273,20.15315361928906,77.84911717495987,34.61538461538461,18.250049349586746,37.2,Monitor
S009,Supplier 9,India,Electronics,15,72.8,1.46,529350.61,108,684452.92,61.111111111111114,3.212962962962963,1.8023145513185497,80.73836276083468,84.61538461538461,-1.4210854715202004e-14,37.8,Monitor
S032,Supplier 32,Pakistan,Chemicals,53,88.5,5.33,532882.86,115,873697.6900000001,85.21739130434783,1.1217391304347826,64.3661379327411,18.61958266452649,11.538461538461533,67.52039689630591,42.8,Monitor
S026,Supplier 26,UAE,Electronics,24,76.0,4.16,252088.86,99,709098.93,73.73737373737373,1.9393939393939394,34.57167002983734,37.39967897271268,67.3076923076923,41.12036435729672,42.8,Monitor
S029,Supplier 29,Netherlands,Machinery,28,70.5,0.96,685793.56,102,702869.16,69.6078431372549,2.6666666666666665,23.854163179215917,88.76404494382022,59.61538461538461,17.638543600717497,46.3,Monitor
S050,Supplier 50,China,Machinery,45,75.5,1.74,388304.17,86,700360.21,75.5813953488372,1.8837209302325582,39.35752008576987,76.24398073836277,26.92307692307692,42.91790683769378,46.6,Monitor
S039,Supplier 39,UK,Electronics,25,72.5,1.91,384986.61,91,796019.16,70.32967032967034,2.197802197802198,25.727545078711863,73.51524879614767,65.38461538461539,32.777006799098245,46.7,Monitor
S040,Supplier 40,UK,Textiles,22,69.0,1.87,553478.77,119,1007081.94,70.58823529411765,2.4453781512605044,26.398607251665627,74.15730337078652,71.15384615384616,24.783397325320905,47.0,Monitor
S015,Supplier 15,Germany,Machinery,57,70.3,0.5,255118.09,80,577716.3099999999,76.25,1.825,41.09277177006261,96.14767255216694,3.8461538461538396,44.813859080467,48.0,Monitor
S036,Supplier 36,Netherlands,Textiles,12,68.9,2.2,703907.79,109,751958.15,67.88990825688074,2.0825688073394497,19.39555017152886,68.86035313001605,90.38461538461539,36.49760530162459,48.5,Monitor
S006,Supplier 6,Germany,Electronics,40,78.6,2.56,577100.58,93,671044.28,78.49462365591397,1.7849462365591398,46.91831751335669,63.08186195826646,36.53846153846154,46.107095109365964,48.8,Monitor
S022,Supplier 22,India,Chemicals,15,73.9,1.21,708239.12,105,806328.94,68.57142857142857,2.580952380952381,21.16432230262623,84.75120385232745,84.61538461538461,20.40604390417147,49.6,Monitor
S027,Supplier 27,India,Packaging,59,81.9,1.17,618879.03,97,668663.26,80.41237113402062,1.577319587628866,51.89551074054298,85.3932584269663,0.0,52.81084127176207,50.0,Monitor
S014,Supplier 14,India,Textiles,54,95.4,5.54,366699.11,101,938692.49,92.07920792079209,0.693069306930693,82.17483672100849,15.248796147672564,9.615384615384613,81.36107534031245,50.8,Monitor
S025,Supplier 25,Germany,Raw Materials,59,85.8,1.56,577581.93,101,742491.42,83.16831683168317,1.4752475247524752,59.04810742884193,79.13322632423757,0.0,56.1064933632489,51.8,Monitor
S028,Supplier 28,UAE,Chemicals,22,73.0,2.61,700284.04,114,924948.1,76.31578947368422,1.7719298245614035,41.263517359134916,62.279293739967905,71.15384615384616,46.52736255782484,53.3,Monitor
S024,Supplier 24,India,Electronics,29,78.3,5.98,518223.2,91,770043.02,89.01098901098901,1.021978021978022,74.21178707462145,8.186195826645246,57.69230769230769,70.74143403878747,53.9,Monitor
S034,Supplier 34,India,Raw Materials,34,87.0,5.76,250913.9,102,976659.14,89.2156862745098,0.7941176470588235,74.74304462820986,11.717495987158912,48.07692307692308,78.09847670068436,54.2,Monitor
S037,Supplier 37,Germany,Chemicals,53,81.2,0.36,38436.06,98,710897.63,79.59183673469387,1.5408163265306123,49.76595077416281,98.3948635634029,11.538461538461533,53.989440443704304,54.9,Monitor
S020,Supplier 20,China,Raw Materials,41,78.9,0.85,413940.65,99,793635.67,80.8080808080808,1.6666666666666667,52.9225090978079,90.52969502407704,34.61538461538461,49.92604714101394,58.2,Controlled
S046,Supplier 46,Turkey,Raw Materials,7,70.6,0.38,309188.69,105,913413.94,70.47619047619048,2.361904761904762,26.10781364338566,98.07383627608347,100.0,27.478544679664978,59.1,Controlled
S030,Supplier 30,UAE,Chemicals,47,88.1,4.35,42067.19,80,724172.47,92.5,0.5125,83.26693227091634,34.34991974317818,23.07692307692308,87.19120747710609,59.6,Controlled
S033,Supplier 33,China,Chemicals,12,85.1,3.92,367689.57,98,564018.54,82.6530612244898,1.2857142857142858,57.71084757181191,41.25200642054575,90.38461538461539,62.22604848969829,60.8,Controlled
S018,Supplier 18,Netherlands,Packaging,13,84.7,4.9,43099.3,121,890696.21,85.9504132231405,1.0743801652892562,66.26857387451378,25.521669341894054,88.46153846153847,69.04949965110687,60.9,Controlled
S047,Supplier 47,Turkey,Raw Materials,48,82.1,1.1,430327.47,96,809766.72,85.41666666666666,1.3229166666666667,64.88332384746725,86.51685393258427,21.15384615384616,61.024876482990834,61.0,Controlled
S017,Supplier 17,India,Electronics,37,95.1,4.96,732918.98,94,653677.84,93.61702127659575,0.3617021276595745,86.16597440027128,24.558587479935795,42.30769230769231,92.06009431416675,62.9,Controlled
S013,Supplier 13,Germany,Packaging,48,95.0,2.56,330811.14,100,695032.3,91.0,0.86,79.3739328400683,63.08186195826646,21.15384615384616,75.97129999685308,63.1,Controlled
S042,Supplier 42,Pakistan,Textiles,55,93.6,2.79,553211.08,101,656864.27,93.06930693069307,0.504950495049505,84.74447330902699,59.390048154093094,7.692307692307693,87.43496214492268,63.4,Controlled
S005,Supplier 5,Pakistan,Electronics,49,93.4,3.23,403440.3,113,902921.01,93.80530973451327,0.584070796460177,86.6546456399434,52.32744783306581,19.230769230769226,84.88036513301628,64.3,Controlled
S045,Supplier 45,Netherlands,Machinery,7,92.5,6.08,411353.45,123,1008059.48,91.05691056910568,0.8699186991869918,79.52163471549342,6.5810593900481535,100.0,75.65104996173794,64.8,Controlled
S035,Supplier 35,China,Packaging,43,95.2,4.48,419365.34,91,654506.7,97.8021978021978,0.27472527472527475,97.02790095504949,32.26324237560192,30.769230769230774,94.86835976120679,67.3,Controlled
S008,Supplier 8,Turkey,Chemicals,18,87.3,1.47,281347.53,102,786617.15,82.35294117647058,1.1470588235294117,56.93193612106195,80.57784911717496,78.84615384615384,66.70288721587386,68.7,Controlled
S049,Supplier 49,Germany,Textiles,58,93.1,1.24,110951.25,117,786281.48,93.16239316239316,0.4358974358974359,84.98606307371247,84.26966292134831,1.9230769230769198,89.66451303676341,68.9,Controlled
S003,Supplier 3,UK,Raw Materials,17,91.5,3.7,465841.5,112,760086.98,90.17857142857143,0.9464285714285714,77.24205219936582,44.783306581059385,80.76923076923077,73.1807371908703,69.2,Controlled
S016,Supplier 16,India,Electronics,21,93.1,3.76,267030.17,92,632910.05,91.30434782608695,0.7391304347826086,80.16381678255921,43.82022471910113,73.07692307692308,79.87387651172368,69.6,Controlled
S041,Supplier 41,Pakistan,Packaging,23,92.4,2.5,686683.34,101,682082.09,93.06930693069307,0.7425742574257426,84.74447330902699,64.04494382022472,69.23076923076923,79.76268407594134,75.7,Controlled
S010,Supplier 10,India,Machinery,28,87.9,0.26,410878.92,91,606373.8,89.01098901098901,0.8131868131868132,74.21178707462145,100.0,59.61538461538461,77.4827809318164,78.2,Controlled
S019,Supplier 19,Turkey,Textiles,12,87.1,0.37,393502.57,108,681542.3099999999,86.11111111111111,1.1574074074074074,66.68563839878581,98.23434991974318,90.38461538461539,66.36875727727602,79.3,Controlled
S048,Supplier 48,UAE,Packaging,16,93.2,0.35,638639.87,98,788724.87,92.85714285714286,0.7040816326530612,84.19383689730874,98.5553772070626,82.6923076923077,81.0055148345646,87.0,Controlled
S011,Supplier 11,India,Chemicals,12,95.8,1.3,46809.94,79,567601.9299999999,93.67088607594937,0.35443037974683544,86.30577148908887,83.30658105939006,90.38461538461539,92.29488090064345,87.3,Controlled
S012,Supplier 12,Germany,Machinery,24,94.4,0.68,608085.95,95,688553.79,98.94736842105263,0.11578947368421053,100.0,93.25842696629213,67.3076923076923,100.0,91.8,Controlled
